{"mean":{"confidence_interval":{"confidence_level":0.95,"lower_bound":8520058.741541665,"upper_bound":8640983.830624996},"point_estimate":8569936.30666667,"standard_error":31551.19969884286},"median":{"confidence_interval":{"confidence_level":0.95,"lower_bound":8477135.416666668,"upper_bound":8493086.833333332},"point_estimate":8481246.5,"standard_error":4593.884220257142},"median_abs_dev":{"confidence_interval":{"confidence_level":0.95,"lower_bound":14496.61544263455,"upper_bound":39793.86049851719},"point_estimate":21430.859069526658,"standard_error":6696.383772560254},"slope":null,"std_dev":{"confidence_interval":{"confidence_level":0.95,"lower_bound":101218.999281138,"upper_bound":507283.5227888813},"point_estimate":317591.54577955086,"standard_error":120705.45978213502}}