{"mean":{"confidence_interval":{"confidence_level":0.95,"lower_bound":-0.2782735685653645,"upper_bound":-0.2533468902162628},"point_estimate":-0.26533484705014043,"standard_error":0.006372733472789856},"median":{"confidence_interval":{"confidence_level":0.95,"lower_bound":-0.26009383057096924,"upper_bound":-0.24918996970698756},"point_estimate":-0.2548791591732509,"standard_error":0.0025392276885782433}}