{"mean":{"confidence_interval":{"confidence_level":0.95,"lower_bound":6112582.539194448,"upper_bound":6186253.236694445},"point_estimate":6146100.871111111,"standard_error":18833.532892045976},"median":{"confidence_interval":{"confidence_level":0.95,"lower_bound":6060240.722222222,"upper_bound":6093930.555555556},"point_estimate":6068057.888888888,"standard_error":9804.180081765184},"median_abs_dev":{"confidence_interval":{"confidence_level":0.95,"lower_bound":10752.226842442764,"upper_bound":57471.42301301169},"point_estimate":22870.58719396522,"standard_error":13675.410520063237},"slope":null,"std_dev":{"confidence_interval":{"confidence_level":0.95,"lower_bound":110104.45669117794,"upper_bound":260042.47632198362},"point_estimate":189585.41733348215,"standard_error":38675.41992501832}}