{"mean":{"confidence_interval":{"confidence_level":0.95,"lower_bound":1.0417260353519187,"upper_bound":1.0936711393092624},"point_estimate":1.0641748847448644,"standard_error":0.01325771304640973},"median":{"confidence_interval":{"confidence_level":0.95,"lower_bound":1.0566150242765477,"upper_bound":1.080846934669987},"point_estimate":1.066673003889377,"standard_error":0.00608114201820568}}