{"mean":{"confidence_interval":{"confidence_level":0.95,"lower_bound":-0.5455009211519493,"upper_bound":-0.4272444008637626},"point_estimate":-0.47974489540151233,"standard_error":0.031699240119679194},"median":{"confidence_interval":{"confidence_level":0.95,"lower_bound":-0.42023177970015513,"upper_bound":-0.3910945306072824},"point_estimate":-0.40546910197844566,"standard_error":0.008017835549569082}}