{"mean":{"confidence_interval":{"confidence_level":0.95,"lower_bound":-0.978688632116952,"upper_bound":-0.9780130346668875},"point_estimate":-0.9783424677307329,"standard_error":0.00017153692830256879},"median":{"confidence_interval":{"confidence_level":0.95,"lower_bound":-0.9783875872063933,"upper_bound":-0.9781266830353451},"point_estimate":-0.9782906960276024,"standard_error":0.00006776734156670645}}