{"mean":{"confidence_interval":{"confidence_level":0.95,"lower_bound":354262.67626510747,"upper_bound":397968.01145833096},"point_estimate":374021.75089096307,"standard_error":11247.993320907492},"median":{"confidence_interval":{"confidence_level":0.95,"lower_bound":331816.11333333334,"upper_bound":368782.5258064516},"point_estimate":344402.9057017544,"standard_error":8777.849139876174},"median_abs_dev":{"confidence_interval":{"confidence_level":0.95,"lower_bound":16868.922778016742,"upper_bound":57699.02988377697},"point_estimate":34627.75675665546,"standard_error":10149.574717796917},"slope":{"confidence_interval":{"confidence_level":0.95,"lower_bound":369634.30180203135,"upper_bound":422685.33699392475},"point_estimate":394178.5608992429,"standard_error":13491.042134261425},"std_dev":{"confidence_interval":{"confidence_level":0.95,"lower_bound":41970.5881860258,"upper_bound":113811.3151706133},"point_estimate":80313.95472131696,"standard_error":19014.883698234644}}