{"mean":{"confidence_interval":{"confidence_level":0.95,"lower_bound":-0.4416581563177705,"upper_bound":-0.31359756260754845},"point_estimate":-0.38541584763893577,"standard_error":0.03317398633045659},"median":{"confidence_interval":{"confidence_level":0.95,"lower_bound":-0.470669923205731,"upper_bound":-0.4459485204524435},"point_estimate":-0.45561768228056343,"standard_error":0.006794211991031334}}