{"mean":{"confidence_interval":{"confidence_level":0.95,"lower_bound":-0.9999941700774094,"upper_bound":-0.9999940094752157},"point_estimate":-0.9999940966750911,"standard_error":4.061765183744135e-8},"median":{"confidence_interval":{"confidence_level":0.95,"lower_bound":-0.9999941326527497,"upper_bound":-0.9999940276464756},"point_estimate":-0.999994081996586,"standard_error":2.53200211081993e-8}}