{"mean":{"confidence_interval":{"confidence_level":0.95,"lower_bound":725041.4897644888,"upper_bound":797545.7674631122},"point_estimate":758188.1218813709,"standard_error":18483.594564282652},"median":{"confidence_interval":{"confidence_level":0.95,"lower_bound":740680.8288220551,"upper_bound":755198.0470588235},"point_estimate":745619.8454545455,"standard_error":3791.739802787379},"median_abs_dev":{"confidence_interval":{"confidence_level":0.95,"lower_bound":16554.0589621067,"upper_bound":50630.28254613279},"point_estimate":26046.256692758972,"standard_error":9333.335409592026},"slope":{"confidence_interval":{"confidence_level":0.95,"lower_bound":709004.7757010645,"upper_bound":776167.8625680166},"point_estimate":741757.0104601048,"standard_error":17031.636778547443},"std_dev":{"confidence_interval":{"confidence_level":0.95,"lower_bound":69648.45641415486,"upper_bound":193474.30320529646},"point_estimate":132225.78195601128,"standard_error":34118.10205422119}}