{"mean":{"confidence_interval":{"confidence_level":0.95,"lower_bound":-0.29920754967941426,"upper_bound":-0.26059571352975636},"point_estimate":-0.2785351784783495,"standard_error":0.009896430086136972},"median":{"confidence_interval":{"confidence_level":0.95,"lower_bound":-0.2713154117907018,"upper_bound":-0.24924766287309874},"point_estimate":-0.2585981943447052,"standard_error":0.00518835580558225}}