{"mean":{"confidence_interval":{"confidence_level":0.95,"lower_bound":-0.2843264800148781,"upper_bound":-0.2570905702701965},"point_estimate":-0.27031608615719116,"standard_error":0.006930945596265077},"median":{"confidence_interval":{"confidence_level":0.95,"lower_bound":-0.2705601665347376,"upper_bound":-0.26159585082421444},"point_estimate":-0.26521793733774257,"standard_error":0.002177884664728961}}