{"mean":{"confidence_interval":{"confidence_level":0.95,"lower_bound":-0.3240494065050997,"upper_bound":-0.29136890175722757},"point_estimate":-0.3070792756935423,"standard_error":0.008329095117727229},"median":{"confidence_interval":{"confidence_level":0.95,"lower_bound":-0.29730888248914633,"upper_bound":-0.28745732210000763},"point_estimate":-0.2931648277949209,"standard_error":0.002683045869648047}}