{"mean":{"confidence_interval":{"confidence_level":0.95,"lower_bound":-0.29957278390086894,"upper_bound":-0.27004142069438775},"point_estimate":-0.28419028878808783,"standard_error":0.007542388788815147},"median":{"confidence_interval":{"confidence_level":0.95,"lower_bound":-0.28397578763795905,"upper_bound":-0.27117157943168946},"point_estimate":-0.27663039785303745,"standard_error":0.0032855767696611513}}