{"mean":{"confidence_interval":{"confidence_level":0.95,"lower_bound":121936.18397702879,"upper_bound":125353.92861656357},"point_estimate":123495.65591098081,"standard_error":876.5376430903785},"median":{"confidence_interval":{"confidence_level":0.95,"lower_bound":120962.16346801346,"upper_bound":124558.77007575758},"point_estimate":122634.18560606061,"standard_error":1236.67725253805},"median_abs_dev":{"confidence_interval":{"confidence_level":0.95,"lower_bound":1561.0110505752873,"upper_bound":5055.284413523472},"point_estimate":3186.1002079273935,"standard_error":875.8151855217156},"slope":{"confidence_interval":{"confidence_level":0.95,"lower_bound":121621.82098929837,"upper_bound":124065.63155254592},"point_estimate":122813.28423820082,"standard_error":622.4630567143867},"std_dev":{"confidence_interval":{"confidence_level":0.95,"lower_bound":2271.997058864352,"upper_bound":5637.21205214986},"point_estimate":4024.4750892353886,"standard_error":958.0829299761489}}