{"mean":{"confidence_interval":{"confidence_level":0.95,"lower_bound":0.9558140787098602,"upper_bound":1.02211057115424},"point_estimate":0.988892347053308,"standard_error":0.016671039635074065},"median":{"confidence_interval":{"confidence_level":0.95,"lower_bound":0.9951515121096419,"upper_bound":1.0258706766670551},"point_estimate":1.0096765670227668,"standard_error":0.00807104398357743}}