{"mean":{"confidence_interval":{"confidence_level":0.95,"lower_bound":-0.3562226860192033,"upper_bound":-0.30148697102615446},"point_estimate":-0.32945307367364507,"standard_error":0.014349862250400434},"median":{"confidence_interval":{"confidence_level":0.95,"lower_bound":-0.3788816617601375,"upper_bound":-0.35861889842621375},"point_estimate":-0.3675283604317169,"standard_error":0.005197240927431357}}