{"mean":{"confidence_interval":{"confidence_level":0.95,"lower_bound":183061.81034338573,"upper_bound":188409.02682186489},"point_estimate":185603.67210719717,"standard_error":1360.9946338486511},"median":{"confidence_interval":{"confidence_level":0.95,"lower_bound":183321.04,"upper_bound":185519.73445945946},"point_estimate":184121.9583333333,"standard_error":585.4019062083856},"median_abs_dev":{"confidence_interval":{"confidence_level":0.95,"lower_bound":3404.474944672116,"upper_bound":6841.076450294442},"point_estimate":4870.903251555313,"standard_error":869.0405304450323},"slope":{"confidence_interval":{"confidence_level":0.95,"lower_bound":179575.23356611357,"upper_bound":186454.30489816176},"point_estimate":183088.59993497859,"standard_error":1748.8227949035786},"std_dev":{"confidence_interval":{"confidence_level":0.95,"lower_bound":8621.13806208285,"upper_bound":18592.142203898202},"point_estimate":13755.900766296261,"standard_error":2600.7360479641416}}